CustomID;Name;MMR
AvoZiaxisMatouMynoteetRosie auchShowkapic.v2xxLCxx21826130241250161624;Mynoteet;1734.85
AvoZiaxisMatouMynoteetRosie auchShowkapic.v2xxLCxx21826130241250161624;Rosie auch;1762.26
AvoZiaxisMatouMynoteetRosie auchShowkapic.v2xxLCxx21826130241250161624;AvoZiaxis;1977.87
AvoZiaxisMatouMynoteetRosie auchShowkapic.v2xxLCxx21826130241250161624;xxLCxx;1718.35
AvoZiaxisMatouMynoteetRosie auchShowkapic.v2xxLCxx21826130241250161624;Matou;1652.83
AvoZiaxisMatouMynoteetRosie auchShowkapic.v2xxLCxx21826130241250161624;Showkapic.v2;1343.63
Erik Bartalemew James da 3rd jrGerwinMynoteetRezorSabretoothxxLCxx0021226034835510;Mynoteet;1726.74
Erik Bartalemew James da 3rd jrGerwinMynoteetRezorSabretoothxxLCxx0021226034835510;xxLCxx;1710.24
Erik Bartalemew James da 3rd jrGerwinMynoteetRezorSabretoothxxLCxx0021226034835510;Rezor;1744.51
Erik Bartalemew James da 3rd jrGerwinMynoteetRezorSabretoothxxLCxx0021226034835510;Erik Bartalemew James da 3rd jr;1851.37
Erik Bartalemew James da 3rd jrGerwinMynoteetRezorSabretoothxxLCxx0021226034835510;Sabretooth;600
Erik Bartalemew James da 3rd jrGerwinMynoteetRezorSabretoothxxLCxx0021226034835510;Gerwin;600
FAke . .GenosifMynoteetWoozypolson186610217231620;Mynoteet;1744.7
FAke . .GenosifMynoteetWoozypolson186610217231620;Genosif;1645.52
FAke . .GenosifMynoteetWoozypolson186610217231620;FAke . .;1625.84
FAke . .GenosifMynoteetWoozypolson186610217231620;polson;1630.27
FAke . .GenosifMynoteetWoozypolson186610217231620;Woozy;1609.22
COLONEL SANDERSFAke . .MynoteetPiikaSniperAmy lftWoozy22425237545245368334;Mynoteet;1753.05
COLONEL SANDERSFAke . .MynoteetPiikaSniperAmy lftWoozy22425237545245368334;FAke . .;1634.19
COLONEL SANDERSFAke . .MynoteetPiikaSniperAmy lftWoozy22425237545245368334;Woozy;1617.57
COLONEL SANDERSFAke . .MynoteetPiikaSniperAmy lftWoozy22425237545245368334;SniperAmy lft;1714.55
COLONEL SANDERSFAke . .MynoteetPiikaSniperAmy lftWoozy22425237545245368334;Piika;1692.46
COLONEL SANDERSFAke . .MynoteetPiikaSniperAmy lftWoozy22425237545245368334;COLONEL SANDERS;1727.32
AVALONBuzzITyraMynoteet042044965335;Mynoteet;1745.26
AVALONBuzzITyraMynoteet042044965335;ITyra;1714.09
AVALONBuzzITyraMynoteet042044965335;AVALON;1709.6
AVALONBuzzITyraMynoteet042044965335;Buzz;600
MynoteetMyrtlePangarnsim.nk1670470697772;Mynoteet;1745.51
MynoteetMyrtlePangarnsim.nk1670470697772;Pangarn;1768.51
MynoteetMyrtlePangarnsim.nk1670470697772;sim.nk;1745.85
MynoteetMyrtlePangarnsim.nk1670470697772;Myrtle;600
MynoteetNeazo AxSniperAmy lftViper040254659523;Mynoteet;1749.4
MynoteetNeazo AxSniperAmy lftViper040254659523;SniperAmy lft;1741.44
MynoteetNeazo AxSniperAmy lftViper040254659523;Neazo Ax;1759
MynoteetNeazo AxSniperAmy lftViper040254659523;Viper;600
Five_FalHK HaalekKurvySKMynoteetPaype.Road to Silver9210233834842169951;Mynoteet;1290
Five_FalHK HaalekKurvySKMynoteetPaype.Road to Silver9210233834842169951;Five_Fal;1293.81
Five_FalHK HaalekKurvySKMynoteetPaype.Road to Silver9210233834842169951;Road to Silver;1168.24
Five_FalHK HaalekKurvySKMynoteetPaype.Road to Silver9210233834842169951;KurvySK;1089.77
Five_FalHK HaalekKurvySKMynoteetPaype.Road to Silver9210233834842169951;HK Haalek;1296.91
Five_FalHK HaalekKurvySKMynoteetPaype.Road to Silver9210233834842169951;Paype.;1088.98
BERO94_KurvySKMynoteetPaype.SCORED SCORED SCORED SCOREDzonıxn25227030433441645732;KurvySK;1112.87
BERO94_KurvySKMynoteetPaype.SCORED SCORED SCORED SCOREDzonıxn25227030433441645732;Mynoteet;1299.38
BERO94_KurvySKMynoteetPaype.SCORED SCORED SCORED SCOREDzonıxn25227030433441645732;Paype.;1103.75
BERO94_KurvySKMynoteetPaype.SCORED SCORED SCORED SCOREDzonıxn25227030433441645732;zonıxn;1291.68
BERO94_KurvySKMynoteetPaype.SCORED SCORED SCORED SCOREDzonıxn25227030433441645732;SCORED SCORED SCORED SCORED;1296.41
BERO94_KurvySKMynoteetPaype.SCORED SCORED SCORED SCOREDzonıxn25227030433441645732;BERO94_;1302.3
Five_FalKurvySKMynoteetPaype.Road to SilverYT_Schmiddyfy10215618618830861230;Mynoteet;1308.28
Five_FalKurvySKMynoteetPaype.Road to SilverYT_Schmiddyfy10215618618830861230;Paype.;1119.07
Five_FalKurvySKMynoteetPaype.Road to SilverYT_Schmiddyfy10215618618830861230;Five_Fal;1293.55
Five_FalKurvySKMynoteetPaype.Road to SilverYT_Schmiddyfy10215618618830861230;Road to Silver;1167.97
Five_FalKurvySKMynoteetPaype.Road to SilverYT_Schmiddyfy10215618618830861230;KurvySK;1136.64
Five_FalKurvySKMynoteetPaype.Road to SilverYT_Schmiddyfy10215618618830861230;YT_Schmiddyfy;1307.05
Im-not-drichouMynoteetceejyy15040046904;Mynoteet;1374.17
Im-not-drichouMynoteetceejyy15040046904;ceejyy;1376.66
Im-not-drichouMynoteetceejyy15040046904;Im-not-drichou;1384.95
MynoteetNoxaniac1190130364;Mynoteet;994.85
MynoteetNoxaniac1190130364;Noxaniac;1002.04
AkenoKataKurvySKMynoteetbixis6210043651666573072;Mynoteet;1383.36
AkenoKataKurvySKMynoteetbixis6210043651666573072;AkenoKata;1388.2
AkenoKataKurvySKMynoteetbixis6210043651666573072;bixis62100;1383.37
AkenoKataKurvySKMynoteetbixis6210043651666573072;KurvySK;1243.89
DvorKyNKurvySKMynoteetmlikosnik.33757860174542;Mynoteet;1374.14
DvorKyNKurvySKMynoteetmlikosnik.33757860174542;DvorKyN;1121.28
DvorKyNKurvySKMynoteetmlikosnik.33757860174542;mlikosnik.;1378.28
DvorKyNKurvySKMynoteetmlikosnik.33757860174542;KurvySK;1234.67
Fr0xyKurvySKMynoteetShiliewzer31132841475014;Mynoteet;1383.82
Fr0xyKurvySKMynoteetShiliewzer31132841475014;Fr0xy;1375.95
Fr0xyKurvySKMynoteetShiliewzer31132841475014;KurvySK;1244.35
Fr0xyKurvySKMynoteetShiliewzer31132841475014;Shiliewzer;1329.51
